year,obs.hours,species,spcode,behavior,diet,habitat,tolerance,DDT,size,count
1946,594,AMKE,1,partial,insect,open,tolerant,susceptible,small,99
1947,592,AMKE,1,partial,insect,open,tolerant,susceptible,small,116
1948,577,AMKE,1,partial,insect,open,tolerant,susceptible,small,145
1949,640,AMKE,1,partial,insect,open,tolerant,susceptible,small,339
1950,625,AMKE,1,partial,insect,open,tolerant,susceptible,small,234
1951,561,AMKE,1,partial,insect,open,tolerant,susceptible,small,247
1952,636,AMKE,1,partial,insect,open,tolerant,susceptible,small,219
1953,651,AMKE,1,partial,insect,open,tolerant,susceptible,small,220
1954,630,AMKE,1,partial,insect,open,tolerant,susceptible,small,174
1955,630,AMKE,1,partial,insect,open,tolerant,susceptible,small,264
1956,586,AMKE,1,partial,insect,open,tolerant,susceptible,small,204
1957,601,AMKE,1,partial,insect,open,tolerant,susceptible,small,174
1958,654,AMKE,1,partial,insect,open,tolerant,susceptible,small,217
1959,623,AMKE,1,partial,insect,open,tolerant,susceptible,small,281
1960,635,AMKE,1,partial,insect,open,tolerant,susceptible,small,221
1961,673,AMKE,1,partial,insect,open,tolerant,susceptible,small,464
1962,650,AMKE,1,partial,insect,open,tolerant,susceptible,small,456
1963,718,AMKE,1,partial,insect,open,tolerant,susceptible,small,260
1964,711,AMKE,1,partial,insect,open,tolerant,susceptible,small,235
1965,688,AMKE,1,partial,insect,open,tolerant,susceptible,small,391
1966,575,AMKE,1,partial,insect,open,tolerant,susceptible,small,539
1967,552,AMKE,1,partial,insect,open,tolerant,susceptible,small,554
1968,511,AMKE,1,partial,insect,open,tolerant,susceptible,small,592
1969,817,AMKE,1,partial,insect,open,tolerant,susceptible,small,537
1970,459,AMKE,1,partial,insect,open,tolerant,susceptible,small,409
1971,320,AMKE,1,partial,insect,open,tolerant,susceptible,small,365
1972,437,AMKE,1,partial,insect,open,tolerant,susceptible,small,393
1973,518,AMKE,1,partial,insect,open,tolerant,susceptible,small,479
1974,531,AMKE,1,partial,insect,open,tolerant,susceptible,small,434
1975,490,AMKE,1,partial,insect,open,tolerant,susceptible,small,487
1976,557,AMKE,1,partial,insect,open,tolerant,susceptible,small,413
1977,541,AMKE,1,partial,insect,open,tolerant,susceptible,small,705
1978,664,AMKE,1,partial,insect,open,tolerant,susceptible,small,370
1979,752,AMKE,1,partial,insect,open,tolerant,susceptible,small,544
1980,878,AMKE,1,partial,insect,open,tolerant,susceptible,small,529
1981,814,AMKE,1,partial,insect,open,tolerant,susceptible,small,708
1982,875,AMKE,1,partial,insect,open,tolerant,susceptible,small,400
1983,912,AMKE,1,partial,insect,open,tolerant,susceptible,small,461
1984,941,AMKE,1,partial,insect,open,tolerant,susceptible,small,331
1985,802,AMKE,1,partial,insect,open,tolerant,susceptible,small,383
1986,822,AMKE,1,partial,insect,open,tolerant,susceptible,small,455
1987,910,AMKE,1,partial,insect,open,tolerant,susceptible,small,576
1988,969,AMKE,1,partial,insect,open,tolerant,susceptible,small,634
1989,921,AMKE,1,partial,insect,open,tolerant,susceptible,small,839
1990,965,AMKE,1,partial,insect,open,tolerant,susceptible,small,726
1991,992,AMKE,1,partial,insect,open,tolerant,susceptible,small,632
1992,957,AMKE,1,partial,insect,open,tolerant,susceptible,small,546
1993,986,AMKE,1,partial,insect,open,tolerant,susceptible,small,646
1994,1057,AMKE,1,partial,insect,open,tolerant,susceptible,small,688
1995,1020,AMKE,1,partial,insect,open,tolerant,susceptible,small,655
1996,1044,AMKE,1,partial,insect,open,tolerant,susceptible,small,365
1997,1050,AMKE,1,partial,insect,open,tolerant,susceptible,small,643
1998,1157,AMKE,1,partial,insect,open,tolerant,susceptible,small,794
1999,1088,AMKE,1,partial,insect,open,tolerant,susceptible,small,729
2000,1126.55,AMKE,1,partial,insect,open,tolerant,susceptible,small,520
2001,1137.37,AMKE,1,partial,insect,open,tolerant,susceptible,small,581
2002,1038.8,AMKE,1,partial,insect,open,tolerant,susceptible,small,479
2003,1034.09,AMKE,1,partial,insect,open,tolerant,susceptible,small,375
2004,1093.45,AMKE,1,partial,insect,open,tolerant,susceptible,small,358
2005,1120.68,AMKE,1,partial,insect,open,tolerant,susceptible,small,467
2006,1066.95,AMKE,1,partial,insect,open,tolerant,susceptible,small,411
2007,1045.15,AMKE,1,partial,insect,open,tolerant,susceptible,small,528
2008,1082.32,AMKE,1,partial,insect,open,tolerant,susceptible,small,294
2009,1032.67,AMKE,1,partial,insect,open,tolerant,susceptible,small,461
2010,1084.85,AMKE,1,partial,insect,open,tolerant,susceptible,small,565
2011,1055.32,AMKE,1,partial,insect,open,tolerant,susceptible,small,386
2012,1095.45,AMKE,1,partial,insect,open,tolerant,susceptible,small,514
2013,1098.2,AMKE,1,partial,insect,open,tolerant,susceptible,small,318
2014,1101.87,AMKE,1,partial,insect,open,tolerant,susceptible,small,380
2015,1115.33,AMKE,1,partial,insect,open,tolerant,susceptible,small,238
2016,1114.33,AMKE,1,partial,insect,open,tolerant,susceptible,small,218
2017,1020.72,AMKE,1,partial,insect,open,tolerant,susceptible,small,239
2018,1018.6,AMKE,1,partial,insect,open,tolerant,susceptible,small,421
1946,594,BAEA,2,partial,fish,open,tolerant,susceptible,large,39
1947,592,BAEA,2,partial,fish,open,tolerant,susceptible,large,89
1948,577,BAEA,2,partial,fish,open,tolerant,susceptible,large,79
1949,640,BAEA,2,partial,fish,open,tolerant,susceptible,large,84
1950,625,BAEA,2,partial,fish,open,tolerant,susceptible,large,116
1951,561,BAEA,2,partial,fish,open,tolerant,susceptible,large,87
1952,636,BAEA,2,partial,fish,open,tolerant,susceptible,large,91
1953,651,BAEA,2,partial,fish,open,tolerant,susceptible,large,59
1954,630,BAEA,2,partial,fish,open,tolerant,susceptible,large,65
1955,630,BAEA,2,partial,fish,open,tolerant,susceptible,large,88
1956,586,BAEA,2,partial,fish,open,tolerant,susceptible,large,53
1957,601,BAEA,2,partial,fish,open,tolerant,susceptible,large,39
1958,654,BAEA,2,partial,fish,open,tolerant,susceptible,large,41
1959,623,BAEA,2,partial,fish,open,tolerant,susceptible,large,45
1960,635,BAEA,2,partial,fish,open,tolerant,susceptible,large,23
1961,673,BAEA,2,partial,fish,open,tolerant,susceptible,large,40
1962,650,BAEA,2,partial,fish,open,tolerant,susceptible,large,35
1963,718,BAEA,2,partial,fish,open,tolerant,susceptible,large,21
1964,711,BAEA,2,partial,fish,open,tolerant,susceptible,large,27
1965,688,BAEA,2,partial,fish,open,tolerant,susceptible,large,36
1966,575,BAEA,2,partial,fish,open,tolerant,susceptible,large,25
1967,552,BAEA,2,partial,fish,open,tolerant,susceptible,large,30
1968,511,BAEA,2,partial,fish,open,tolerant,susceptible,large,41
1969,817,BAEA,2,partial,fish,open,tolerant,susceptible,large,30
1970,459,BAEA,2,partial,fish,open,tolerant,susceptible,large,25
1971,320,BAEA,2,partial,fish,open,tolerant,susceptible,large,14
1972,437,BAEA,2,partial,fish,open,tolerant,susceptible,large,14
1973,518,BAEA,2,partial,fish,open,tolerant,susceptible,large,17
1974,531,BAEA,2,partial,fish,open,tolerant,susceptible,large,13
1975,490,BAEA,2,partial,fish,open,tolerant,susceptible,large,19
1976,557,BAEA,2,partial,fish,open,tolerant,susceptible,large,18
1977,541,BAEA,2,partial,fish,open,tolerant,susceptible,large,19
1978,664,BAEA,2,partial,fish,open,tolerant,susceptible,large,27
1979,752,BAEA,2,partial,fish,open,tolerant,susceptible,large,16
1980,878,BAEA,2,partial,fish,open,tolerant,susceptible,large,22
1981,814,BAEA,2,partial,fish,open,tolerant,susceptible,large,28
1982,875,BAEA,2,partial,fish,open,tolerant,susceptible,large,33
1983,912,BAEA,2,partial,fish,open,tolerant,susceptible,large,24
1984,941,BAEA,2,partial,fish,open,tolerant,susceptible,large,41
1985,802,BAEA,2,partial,fish,open,tolerant,susceptible,large,37
1986,822,BAEA,2,partial,fish,open,tolerant,susceptible,large,56
1987,910,BAEA,2,partial,fish,open,tolerant,susceptible,large,65
1988,969,BAEA,2,partial,fish,open,tolerant,susceptible,large,57
1989,921,BAEA,2,partial,fish,open,tolerant,susceptible,large,62
1990,965,BAEA,2,partial,fish,open,tolerant,susceptible,large,76
1991,992,BAEA,2,partial,fish,open,tolerant,susceptible,large,70
1992,957,BAEA,2,partial,fish,open,tolerant,susceptible,large,91
1993,986,BAEA,2,partial,fish,open,tolerant,susceptible,large,81
1994,1057,BAEA,2,partial,fish,open,tolerant,susceptible,large,80
1995,1020,BAEA,2,partial,fish,open,tolerant,susceptible,large,130
1996,1044,BAEA,2,partial,fish,open,tolerant,susceptible,large,103
1997,1050,BAEA,2,partial,fish,open,tolerant,susceptible,large,133
1998,1157,BAEA,2,partial,fish,open,tolerant,susceptible,large,159
1999,1088,BAEA,2,partial,fish,open,tolerant,susceptible,large,170
2000,1126.55,BAEA,2,partial,fish,open,tolerant,susceptible,large,164
2001,1137.37,BAEA,2,partial,fish,open,tolerant,susceptible,large,158
2002,1038.8,BAEA,2,partial,fish,open,tolerant,susceptible,large,215
2003,1034.09,BAEA,2,partial,fish,open,tolerant,susceptible,large,218
2004,1093.45,BAEA,2,partial,fish,open,tolerant,susceptible,large,219
2005,1120.68,BAEA,2,partial,fish,open,tolerant,susceptible,large,199
2006,1066.95,BAEA,2,partial,fish,open,tolerant,susceptible,large,197
2007,1045.15,BAEA,2,partial,fish,open,tolerant,susceptible,large,231
2008,1082.32,BAEA,2,partial,fish,open,tolerant,susceptible,large,255
2009,1032.67,BAEA,2,partial,fish,open,tolerant,susceptible,large,219
2010,1084.85,BAEA,2,partial,fish,open,tolerant,susceptible,large,408
2011,1055.32,BAEA,2,partial,fish,open,tolerant,susceptible,large,306
2012,1095.45,BAEA,2,partial,fish,open,tolerant,susceptible,large,352
2013,1098.2,BAEA,2,partial,fish,open,tolerant,susceptible,large,354
2014,1101.87,BAEA,2,partial,fish,open,tolerant,susceptible,large,412
2015,1115.33,BAEA,2,partial,fish,open,tolerant,susceptible,large,309
2016,1114.33,BAEA,2,partial,fish,open,tolerant,susceptible,large,492
2017,1020.72,BAEA,2,partial,fish,open,tolerant,susceptible,large,421
2018,1018.6,BAEA,2,partial,fish,open,tolerant,susceptible,large,541
1985,802,BLVU,3,partial,carrion,open,tolerant,susceptible,large,4
1986,822,BLVU,3,partial,carrion,open,tolerant,susceptible,large,28
1987,910,BLVU,3,partial,carrion,open,tolerant,susceptible,large,30
1988,969,BLVU,3,partial,carrion,open,tolerant,susceptible,large,16
1989,921,BLVU,3,partial,carrion,open,tolerant,susceptible,large,53
1990,965,BLVU,3,partial,carrion,open,tolerant,susceptible,large,28
1991,992,BLVU,3,partial,carrion,open,tolerant,susceptible,large,43
1992,957,BLVU,3,partial,carrion,open,tolerant,susceptible,large,21
1993,986,BLVU,3,partial,carrion,open,tolerant,susceptible,large,50
1994,1057,BLVU,3,partial,carrion,open,tolerant,susceptible,large,56
1995,1020,BLVU,3,partial,carrion,open,tolerant,susceptible,large,43
1996,1044,BLVU,3,partial,carrion,open,tolerant,susceptible,large,50
1997,1050,BLVU,3,partial,carrion,open,tolerant,susceptible,large,93
1998,1157,BLVU,3,partial,carrion,open,tolerant,susceptible,large,55
1999,1088,BLVU,3,partial,carrion,open,tolerant,susceptible,large,80
2000,1126.55,BLVU,3,partial,carrion,open,tolerant,susceptible,large,9
2001,1137.37,BLVU,3,partial,carrion,open,tolerant,susceptible,large,48
2002,1038.8,BLVU,3,partial,carrion,open,tolerant,susceptible,large,48
2003,1034.09,BLVU,3,partial,carrion,open,tolerant,susceptible,large,23
2004,1093.45,BLVU,3,partial,carrion,open,tolerant,susceptible,large,64
2005,1120.68,BLVU,3,partial,carrion,open,tolerant,susceptible,large,114
2006,1066.95,BLVU,3,partial,carrion,open,tolerant,susceptible,large,89
2007,1045.15,BLVU,3,partial,carrion,open,tolerant,susceptible,large,119
2008,1082.32,BLVU,3,partial,carrion,open,tolerant,susceptible,large,38
2009,1032.67,BLVU,3,partial,carrion,open,tolerant,susceptible,large,160
2010,1084.85,BLVU,3,partial,carrion,open,tolerant,susceptible,large,135
2011,1055.32,BLVU,3,partial,carrion,open,tolerant,susceptible,large,299
2012,1095.45,BLVU,3,partial,carrion,open,tolerant,susceptible,large,119
2013,1098.2,BLVU,3,partial,carrion,open,tolerant,susceptible,large,115
2014,1101.87,BLVU,3,partial,carrion,open,tolerant,susceptible,large,196
2015,1115.33,BLVU,3,partial,carrion,open,tolerant,susceptible,large,104
2016,1114.33,BLVU,3,partial,carrion,open,tolerant,susceptible,large,113
2017,1020.72,BLVU,3,partial,carrion,open,tolerant,susceptible,large,44
2018,1018.6,BLVU,3,partial,carrion,open,tolerant,susceptible,large,69
1946,594,BWHA,4,complete,mammal,forest,intolerant,unsusceptible,small,2886
1947,592,BWHA,4,complete,mammal,forest,intolerant,unsusceptible,small,6664
1948,577,BWHA,4,complete,mammal,forest,intolerant,unsusceptible,small,15026
1949,640,BWHA,4,complete,mammal,forest,intolerant,unsusceptible,small,9579
1950,625,BWHA,4,complete,mammal,forest,intolerant,unsusceptible,small,5305
1951,561,BWHA,4,complete,mammal,forest,intolerant,unsusceptible,small,10997
1952,636,BWHA,4,complete,mammal,forest,intolerant,unsusceptible,small,12603
1953,651,BWHA,4,complete,mammal,forest,intolerant,unsusceptible,small,7247
1954,630,BWHA,4,complete,mammal,forest,intolerant,unsusceptible,small,5956
1955,630,BWHA,4,complete,mammal,forest,intolerant,unsusceptible,small,9542
1956,586,BWHA,4,complete,mammal,forest,intolerant,unsusceptible,small,8734
1957,601,BWHA,4,complete,mammal,forest,intolerant,unsusceptible,small,8935
1958,654,BWHA,4,complete,mammal,forest,intolerant,unsusceptible,small,8880
1959,623,BWHA,4,complete,mammal,forest,intolerant,unsusceptible,small,5301
1960,635,BWHA,4,complete,mammal,forest,intolerant,unsusceptible,small,11107
1961,673,BWHA,4,complete,mammal,forest,intolerant,unsusceptible,small,8642
1962,650,BWHA,4,complete,mammal,forest,intolerant,unsusceptible,small,8254
1963,718,BWHA,4,complete,mammal,forest,intolerant,unsusceptible,small,9791
1964,711,BWHA,4,complete,mammal,forest,intolerant,unsusceptible,small,10180
1965,688,BWHA,4,complete,mammal,forest,intolerant,unsusceptible,small,9235
1966,575,BWHA,4,complete,mammal,forest,intolerant,unsusceptible,small,10110
1967,552,BWHA,4,complete,mammal,forest,intolerant,unsusceptible,small,8000
1968,511,BWHA,4,complete,mammal,forest,intolerant,unsusceptible,small,14041
1969,817,BWHA,4,complete,mammal,forest,intolerant,unsusceptible,small,8515
1970,459,BWHA,4,complete,mammal,forest,intolerant,unsusceptible,small,9153
1971,320,BWHA,4,complete,mammal,forest,intolerant,unsusceptible,small,5603
1972,437,BWHA,4,complete,mammal,forest,intolerant,unsusceptible,small,8131
1973,518,BWHA,4,complete,mammal,forest,intolerant,unsusceptible,small,6404
1974,531,BWHA,4,complete,mammal,forest,intolerant,unsusceptible,small,9146
1975,490,BWHA,4,complete,mammal,forest,intolerant,unsusceptible,small,10390
1976,557,BWHA,4,complete,mammal,forest,intolerant,unsusceptible,small,8461
1977,541,BWHA,4,complete,mammal,forest,intolerant,unsusceptible,small,13009
1978,664,BWHA,4,complete,mammal,forest,intolerant,unsusceptible,small,29519
1979,752,BWHA,4,complete,mammal,forest,intolerant,unsusceptible,small,11173
1980,878,BWHA,4,complete,mammal,forest,intolerant,unsusceptible,small,10141
1981,814,BWHA,4,complete,mammal,forest,intolerant,unsusceptible,small,8660
1982,875,BWHA,4,complete,mammal,forest,intolerant,unsusceptible,small,7163
1983,912,BWHA,4,complete,mammal,forest,intolerant,unsusceptible,small,6922
1984,941,BWHA,4,complete,mammal,forest,intolerant,unsusceptible,small,13619
1985,802,BWHA,4,complete,mammal,forest,intolerant,unsusceptible,small,3415
1986,822,BWHA,4,complete,mammal,forest,intolerant,unsusceptible,small,13996
1987,910,BWHA,4,complete,mammal,forest,intolerant,unsusceptible,small,8409
1988,969,BWHA,4,complete,mammal,forest,intolerant,unsusceptible,small,5944
1989,921,BWHA,4,complete,mammal,forest,intolerant,unsusceptible,small,7504
1990,965,BWHA,4,complete,mammal,forest,intolerant,unsusceptible,small,4656
1991,992,BWHA,4,complete,mammal,forest,intolerant,unsusceptible,small,5858
1992,957,BWHA,4,complete,mammal,forest,intolerant,unsusceptible,small,10661
1993,986,BWHA,4,complete,mammal,forest,intolerant,unsusceptible,small,3592
1994,1057,BWHA,4,complete,mammal,forest,intolerant,unsusceptible,small,3513
1995,1020,BWHA,4,complete,mammal,forest,intolerant,unsusceptible,small,10077
1996,1044,BWHA,4,complete,mammal,forest,intolerant,unsusceptible,small,1809
1997,1050,BWHA,4,complete,mammal,forest,intolerant,unsusceptible,small,5518
1998,1157,BWHA,4,complete,mammal,forest,intolerant,unsusceptible,small,9935
1999,1088,BWHA,4,complete,mammal,forest,intolerant,unsusceptible,small,8694
2000,1126.55,BWHA,4,complete,mammal,forest,intolerant,unsusceptible,small,6435
2001,1137.37,BWHA,4,complete,mammal,forest,intolerant,unsusceptible,small,3842
2002,1038.8,BWHA,4,complete,mammal,forest,intolerant,unsusceptible,small,11858
2003,1034.09,BWHA,4,complete,mammal,forest,intolerant,unsusceptible,small,6122
2004,1093.45,BWHA,4,complete,mammal,forest,intolerant,unsusceptible,small,6387
2005,1120.68,BWHA,4,complete,mammal,forest,intolerant,unsusceptible,small,5242
2006,1066.95,BWHA,4,complete,mammal,forest,intolerant,unsusceptible,small,11798
2007,1045.15,BWHA,4,complete,mammal,forest,intolerant,unsusceptible,small,7837
2008,1082.32,BWHA,4,complete,mammal,forest,intolerant,unsusceptible,small,4296
2009,1032.67,BWHA,4,complete,mammal,forest,intolerant,unsusceptible,small,6441
2010,1084.85,BWHA,4,complete,mammal,forest,intolerant,unsusceptible,small,6710
2011,1055.32,BWHA,4,complete,mammal,forest,intolerant,unsusceptible,small,13319
2012,1095.45,BWHA,4,complete,mammal,forest,intolerant,unsusceptible,small,8383
2013,1098.2,BWHA,4,complete,mammal,forest,intolerant,unsusceptible,small,6436
2014,1101.87,BWHA,4,complete,mammal,forest,intolerant,unsusceptible,small,6370
2015,1115.33,BWHA,4,complete,mammal,forest,intolerant,unsusceptible,small,5645
2016,1114.33,BWHA,4,complete,mammal,forest,intolerant,unsusceptible,small,9363
2017,1020.72,BWHA,4,complete,mammal,forest,intolerant,unsusceptible,small,10754
2018,1018.6,BWHA,4,complete,mammal,forest,intolerant,unsusceptible,small,7937
1946,594,COHA,5,partial,bird,forest,tolerant,susceptible,small,214
1947,592,COHA,5,partial,bird,forest,tolerant,susceptible,small,128
1948,577,COHA,5,partial,bird,forest,tolerant,susceptible,small,203
1949,640,COHA,5,partial,bird,forest,tolerant,susceptible,small,174
1950,625,COHA,5,partial,bird,forest,tolerant,susceptible,small,271
1951,561,COHA,5,partial,bird,forest,tolerant,susceptible,small,235
1952,636,COHA,5,partial,bird,forest,tolerant,susceptible,small,308
1953,651,COHA,5,partial,bird,forest,tolerant,susceptible,small,155
1954,630,COHA,5,partial,bird,forest,tolerant,susceptible,small,190
1955,630,COHA,5,partial,bird,forest,tolerant,susceptible,small,281
1956,586,COHA,5,partial,bird,forest,tolerant,susceptible,small,122
1957,601,COHA,5,partial,bird,forest,tolerant,susceptible,small,200
1958,654,COHA,5,partial,bird,forest,tolerant,susceptible,small,180
1959,623,COHA,5,partial,bird,forest,tolerant,susceptible,small,180
1960,635,COHA,5,partial,bird,forest,tolerant,susceptible,small,123
1961,673,COHA,5,partial,bird,forest,tolerant,susceptible,small,104
1962,650,COHA,5,partial,bird,forest,tolerant,susceptible,small,77
1963,718,COHA,5,partial,bird,forest,tolerant,susceptible,small,74
1964,711,COHA,5,partial,bird,forest,tolerant,susceptible,small,61
1965,688,COHA,5,partial,bird,forest,tolerant,susceptible,small,100
1966,575,COHA,5,partial,bird,forest,tolerant,susceptible,small,82
1967,552,COHA,5,partial,bird,forest,tolerant,susceptible,small,76
1968,511,COHA,5,partial,bird,forest,tolerant,susceptible,small,145
1969,817,COHA,5,partial,bird,forest,tolerant,susceptible,small,111
1970,459,COHA,5,partial,bird,forest,tolerant,susceptible,small,105
1971,320,COHA,5,partial,bird,forest,tolerant,susceptible,small,69
1972,437,COHA,5,partial,bird,forest,tolerant,susceptible,small,114
1973,518,COHA,5,partial,bird,forest,tolerant,susceptible,small,81
1974,531,COHA,5,partial,bird,forest,tolerant,susceptible,small,150
1975,490,COHA,5,partial,bird,forest,tolerant,susceptible,small,126
1976,557,COHA,5,partial,bird,forest,tolerant,susceptible,small,109
1977,541,COHA,5,partial,bird,forest,tolerant,susceptible,small,231
1978,664,COHA,5,partial,bird,forest,tolerant,susceptible,small,153
1979,752,COHA,5,partial,bird,forest,tolerant,susceptible,small,336
1980,878,COHA,5,partial,bird,forest,tolerant,susceptible,small,374
1981,814,COHA,5,partial,bird,forest,tolerant,susceptible,small,756
1982,875,COHA,5,partial,bird,forest,tolerant,susceptible,small,302
1983,912,COHA,5,partial,bird,forest,tolerant,susceptible,small,352
1984,941,COHA,5,partial,bird,forest,tolerant,susceptible,small,171
1985,802,COHA,5,partial,bird,forest,tolerant,susceptible,small,291
1986,822,COHA,5,partial,bird,forest,tolerant,susceptible,small,569
1987,910,COHA,5,partial,bird,forest,tolerant,susceptible,small,590
1988,969,COHA,5,partial,bird,forest,tolerant,susceptible,small,459
1989,921,COHA,5,partial,bird,forest,tolerant,susceptible,small,786
1990,965,COHA,5,partial,bird,forest,tolerant,susceptible,small,642
1991,992,COHA,5,partial,bird,forest,tolerant,susceptible,small,578
1992,957,COHA,5,partial,bird,forest,tolerant,susceptible,small,663
1993,986,COHA,5,partial,bird,forest,tolerant,susceptible,small,562
1994,1057,COHA,5,partial,bird,forest,tolerant,susceptible,small,573
1995,1020,COHA,5,partial,bird,forest,tolerant,susceptible,small,643
1996,1044,COHA,5,partial,bird,forest,tolerant,susceptible,small,536
1997,1050,COHA,5,partial,bird,forest,tolerant,susceptible,small,723
1998,1157,COHA,5,partial,bird,forest,tolerant,susceptible,small,1118
1999,1088,COHA,5,partial,bird,forest,tolerant,susceptible,small,938
2000,1126.55,COHA,5,partial,bird,forest,tolerant,susceptible,small,750
2001,1137.37,COHA,5,partial,bird,forest,tolerant,susceptible,small,900
2002,1038.8,COHA,5,partial,bird,forest,tolerant,susceptible,small,599
2003,1034.09,COHA,5,partial,bird,forest,tolerant,susceptible,small,682
2004,1093.45,COHA,5,partial,bird,forest,tolerant,susceptible,small,536
2005,1120.68,COHA,5,partial,bird,forest,tolerant,susceptible,small,1124
2006,1066.95,COHA,5,partial,bird,forest,tolerant,susceptible,small,931
2007,1045.15,COHA,5,partial,bird,forest,tolerant,susceptible,small,742
2008,1082.32,COHA,5,partial,bird,forest,tolerant,susceptible,small,530
2009,1032.67,COHA,5,partial,bird,forest,tolerant,susceptible,small,612
2010,1084.85,COHA,5,partial,bird,forest,tolerant,susceptible,small,756
2011,1055.32,COHA,5,partial,bird,forest,tolerant,susceptible,small,558
2012,1095.45,COHA,5,partial,bird,forest,tolerant,susceptible,small,580
2013,1098.2,COHA,5,partial,bird,forest,tolerant,susceptible,small,396
2014,1101.87,COHA,5,partial,bird,forest,tolerant,susceptible,small,554
2015,1115.33,COHA,5,partial,bird,forest,tolerant,susceptible,small,396
2016,1114.33,COHA,5,partial,bird,forest,tolerant,susceptible,small,369
2017,1020.72,COHA,5,partial,bird,forest,tolerant,susceptible,small,357
2018,1018.6,COHA,5,partial,bird,forest,tolerant,susceptible,small,597
1946,594,GOEA,6,partial,mammal,forest,intolerant,susceptible,large,68
1947,592,GOEA,6,partial,mammal,forest,intolerant,susceptible,large,33
1948,577,GOEA,6,partial,mammal,forest,intolerant,susceptible,large,41
1949,640,GOEA,6,partial,mammal,forest,intolerant,susceptible,large,47
1950,625,GOEA,6,partial,mammal,forest,intolerant,susceptible,large,65
1951,561,GOEA,6,partial,mammal,forest,intolerant,susceptible,large,55
1952,636,GOEA,6,partial,mammal,forest,intolerant,susceptible,large,81
1953,651,GOEA,6,partial,mammal,forest,intolerant,susceptible,large,30
1954,630,GOEA,6,partial,mammal,forest,intolerant,susceptible,large,40
1955,630,GOEA,6,partial,mammal,forest,intolerant,susceptible,large,57
1956,586,GOEA,6,partial,mammal,forest,intolerant,susceptible,large,42
1957,601,GOEA,6,partial,mammal,forest,intolerant,susceptible,large,37
1958,654,GOEA,6,partial,mammal,forest,intolerant,susceptible,large,39
1959,623,GOEA,6,partial,mammal,forest,intolerant,susceptible,large,31
1960,635,GOEA,6,partial,mammal,forest,intolerant,susceptible,large,23
1961,673,GOEA,6,partial,mammal,forest,intolerant,susceptible,large,48
1962,650,GOEA,6,partial,mammal,forest,intolerant,susceptible,large,37
1963,718,GOEA,6,partial,mammal,forest,intolerant,susceptible,large,23
1964,711,GOEA,6,partial,mammal,forest,intolerant,susceptible,large,24
1965,688,GOEA,6,partial,mammal,forest,intolerant,susceptible,large,34
1966,575,GOEA,6,partial,mammal,forest,intolerant,susceptible,large,12
1967,552,GOEA,6,partial,mammal,forest,intolerant,susceptible,large,30
1968,511,GOEA,6,partial,mammal,forest,intolerant,susceptible,large,27
1969,817,GOEA,6,partial,mammal,forest,intolerant,susceptible,large,22
1970,459,GOEA,6,partial,mammal,forest,intolerant,susceptible,large,15
1971,320,GOEA,6,partial,mammal,forest,intolerant,susceptible,large,23
1972,437,GOEA,6,partial,mammal,forest,intolerant,susceptible,large,33
1973,518,GOEA,6,partial,mammal,forest,intolerant,susceptible,large,46
1974,531,GOEA,6,partial,mammal,forest,intolerant,susceptible,large,27
1975,490,GOEA,6,partial,mammal,forest,intolerant,susceptible,large,27
1976,557,GOEA,6,partial,mammal,forest,intolerant,susceptible,large,40
1977,541,GOEA,6,partial,mammal,forest,intolerant,susceptible,large,28
1978,664,GOEA,6,partial,mammal,forest,intolerant,susceptible,large,28
1979,752,GOEA,6,partial,mammal,forest,intolerant,susceptible,large,33
1980,878,GOEA,6,partial,mammal,forest,intolerant,susceptible,large,63
1981,814,GOEA,6,partial,mammal,forest,intolerant,susceptible,large,52
1982,875,GOEA,6,partial,mammal,forest,intolerant,susceptible,large,53
1983,912,GOEA,6,partial,mammal,forest,intolerant,susceptible,large,56
1984,941,GOEA,6,partial,mammal,forest,intolerant,susceptible,large,36
1985,802,GOEA,6,partial,mammal,forest,intolerant,susceptible,large,58
1986,822,GOEA,6,partial,mammal,forest,intolerant,susceptible,large,43
1987,910,GOEA,6,partial,mammal,forest,intolerant,susceptible,large,98
1988,969,GOEA,6,partial,mammal,forest,intolerant,susceptible,large,66
1989,921,GOEA,6,partial,mammal,forest,intolerant,susceptible,large,45
1990,965,GOEA,6,partial,mammal,forest,intolerant,susceptible,large,77
1991,992,GOEA,6,partial,mammal,forest,intolerant,susceptible,large,58
1992,957,GOEA,6,partial,mammal,forest,intolerant,susceptible,large,56
1993,986,GOEA,6,partial,mammal,forest,intolerant,susceptible,large,70
1994,1057,GOEA,6,partial,mammal,forest,intolerant,susceptible,large,85
1995,1020,GOEA,6,partial,mammal,forest,intolerant,susceptible,large,100
1996,1044,GOEA,6,partial,mammal,forest,intolerant,susceptible,large,86
1997,1050,GOEA,6,partial,mammal,forest,intolerant,susceptible,large,98
1998,1157,GOEA,6,partial,mammal,forest,intolerant,susceptible,large,145
1999,1088,GOEA,6,partial,mammal,forest,intolerant,susceptible,large,129
2000,1126.55,GOEA,6,partial,mammal,forest,intolerant,susceptible,large,94
2001,1137.37,GOEA,6,partial,mammal,forest,intolerant,susceptible,large,89
2002,1038.8,GOEA,6,partial,mammal,forest,intolerant,susceptible,large,125
2003,1034.09,GOEA,6,partial,mammal,forest,intolerant,susceptible,large,160
2004,1093.45,GOEA,6,partial,mammal,forest,intolerant,susceptible,large,89
2005,1120.68,GOEA,6,partial,mammal,forest,intolerant,susceptible,large,124
2006,1066.95,GOEA,6,partial,mammal,forest,intolerant,susceptible,large,158
2007,1045.15,GOEA,6,partial,mammal,forest,intolerant,susceptible,large,97
2008,1082.32,GOEA,6,partial,mammal,forest,intolerant,susceptible,large,131
2009,1032.67,GOEA,6,partial,mammal,forest,intolerant,susceptible,large,77
2010,1084.85,GOEA,6,partial,mammal,forest,intolerant,susceptible,large,142
2011,1055.32,GOEA,6,partial,mammal,forest,intolerant,susceptible,large,132
2012,1095.45,GOEA,6,partial,mammal,forest,intolerant,susceptible,large,150
2013,1098.2,GOEA,6,partial,mammal,forest,intolerant,susceptible,large,162
2014,1101.87,GOEA,6,partial,mammal,forest,intolerant,susceptible,large,161
2015,1115.33,GOEA,6,partial,mammal,forest,intolerant,susceptible,large,117
2016,1114.33,GOEA,6,partial,mammal,forest,intolerant,susceptible,large,127
2017,1020.72,GOEA,6,partial,mammal,forest,intolerant,susceptible,large,101
2018,1018.6,GOEA,6,partial,mammal,forest,intolerant,susceptible,large,145
1946,594,MERL,7,partial,bird,open,tolerant,susceptible,small,20
1947,592,MERL,7,partial,bird,open,tolerant,susceptible,small,10
1948,577,MERL,7,partial,bird,open,tolerant,susceptible,small,19
1949,640,MERL,7,partial,bird,open,tolerant,susceptible,small,24
1950,625,MERL,7,partial,bird,open,tolerant,susceptible,small,44
1951,561,MERL,7,partial,bird,open,tolerant,susceptible,small,15
1952,636,MERL,7,partial,bird,open,tolerant,susceptible,small,47
1953,651,MERL,7,partial,bird,open,tolerant,susceptible,small,11
1954,630,MERL,7,partial,bird,open,tolerant,susceptible,small,22
1955,630,MERL,7,partial,bird,open,tolerant,susceptible,small,23
1956,586,MERL,7,partial,bird,open,tolerant,susceptible,small,10
1957,601,MERL,7,partial,bird,open,tolerant,susceptible,small,21
1958,654,MERL,7,partial,bird,open,tolerant,susceptible,small,19
1959,623,MERL,7,partial,bird,open,tolerant,susceptible,small,17
1960,635,MERL,7,partial,bird,open,tolerant,susceptible,small,25
1961,673,MERL,7,partial,bird,open,tolerant,susceptible,small,13
1962,650,MERL,7,partial,bird,open,tolerant,susceptible,small,20
1963,718,MERL,7,partial,bird,open,tolerant,susceptible,small,26
1964,711,MERL,7,partial,bird,open,tolerant,susceptible,small,10
1965,688,MERL,7,partial,bird,open,tolerant,susceptible,small,20
1966,575,MERL,7,partial,bird,open,tolerant,susceptible,small,21
1967,552,MERL,7,partial,bird,open,tolerant,susceptible,small,16
1968,511,MERL,7,partial,bird,open,tolerant,susceptible,small,13
1969,817,MERL,7,partial,bird,open,tolerant,susceptible,small,27
1970,459,MERL,7,partial,bird,open,tolerant,susceptible,small,15
1971,320,MERL,7,partial,bird,open,tolerant,susceptible,small,12
1972,437,MERL,7,partial,bird,open,tolerant,susceptible,small,7
1973,518,MERL,7,partial,bird,open,tolerant,susceptible,small,13
1974,531,MERL,7,partial,bird,open,tolerant,susceptible,small,10
1975,490,MERL,7,partial,bird,open,tolerant,susceptible,small,19
1976,557,MERL,7,partial,bird,open,tolerant,susceptible,small,20
1977,541,MERL,7,partial,bird,open,tolerant,susceptible,small,27
1978,664,MERL,7,partial,bird,open,tolerant,susceptible,small,16
1979,752,MERL,7,partial,bird,open,tolerant,susceptible,small,52
1980,878,MERL,7,partial,bird,open,tolerant,susceptible,small,29
1981,814,MERL,7,partial,bird,open,tolerant,susceptible,small,47
1982,875,MERL,7,partial,bird,open,tolerant,susceptible,small,20
1983,912,MERL,7,partial,bird,open,tolerant,susceptible,small,21
1984,941,MERL,7,partial,bird,open,tolerant,susceptible,small,21
1985,802,MERL,7,partial,bird,open,tolerant,susceptible,small,36
1986,822,MERL,7,partial,bird,open,tolerant,susceptible,small,78
1987,910,MERL,7,partial,bird,open,tolerant,susceptible,small,51
1988,969,MERL,7,partial,bird,open,tolerant,susceptible,small,49
1989,921,MERL,7,partial,bird,open,tolerant,susceptible,small,157
1990,965,MERL,7,partial,bird,open,tolerant,susceptible,small,144
1991,992,MERL,7,partial,bird,open,tolerant,susceptible,small,90
1992,957,MERL,7,partial,bird,open,tolerant,susceptible,small,73
1993,986,MERL,7,partial,bird,open,tolerant,susceptible,small,80
1994,1057,MERL,7,partial,bird,open,tolerant,susceptible,small,54
1995,1020,MERL,7,partial,bird,open,tolerant,susceptible,small,168
1996,1044,MERL,7,partial,bird,open,tolerant,susceptible,small,125
1997,1050,MERL,7,partial,bird,open,tolerant,susceptible,small,150
1998,1157,MERL,7,partial,bird,open,tolerant,susceptible,small,148
1999,1088,MERL,7,partial,bird,open,tolerant,susceptible,small,127
2000,1126.55,MERL,7,partial,bird,open,tolerant,susceptible,small,169
2001,1137.37,MERL,7,partial,bird,open,tolerant,susceptible,small,176
2002,1038.8,MERL,7,partial,bird,open,tolerant,susceptible,small,119
2003,1034.09,MERL,7,partial,bird,open,tolerant,susceptible,small,97
2004,1093.45,MERL,7,partial,bird,open,tolerant,susceptible,small,100
2005,1120.68,MERL,7,partial,bird,open,tolerant,susceptible,small,198
2006,1066.95,MERL,7,partial,bird,open,tolerant,susceptible,small,203
2007,1045.15,MERL,7,partial,bird,open,tolerant,susceptible,small,231
2008,1082.32,MERL,7,partial,bird,open,tolerant,susceptible,small,129
2009,1032.67,MERL,7,partial,bird,open,tolerant,susceptible,small,162
2010,1084.85,MERL,7,partial,bird,open,tolerant,susceptible,small,229
2011,1055.32,MERL,7,partial,bird,open,tolerant,susceptible,small,141
2012,1095.45,MERL,7,partial,bird,open,tolerant,susceptible,small,164
2013,1098.2,MERL,7,partial,bird,open,tolerant,susceptible,small,138
2014,1101.87,MERL,7,partial,bird,open,tolerant,susceptible,small,189
2015,1115.33,MERL,7,partial,bird,open,tolerant,susceptible,small,178
2016,1114.33,MERL,7,partial,bird,open,tolerant,susceptible,small,192
2017,1020.72,MERL,7,partial,bird,open,tolerant,susceptible,small,122
2018,1018.6,MERL,7,partial,bird,open,tolerant,susceptible,small,245
1946,594,NOGO,8,partial,bird,forest,intolerant,susceptible,medium,32
1947,592,NOGO,8,partial,bird,forest,intolerant,susceptible,medium,5
1948,577,NOGO,8,partial,bird,forest,intolerant,susceptible,medium,14
1949,640,NOGO,8,partial,bird,forest,intolerant,susceptible,medium,7
1950,625,NOGO,8,partial,bird,forest,intolerant,susceptible,medium,6
1951,561,NOGO,8,partial,bird,forest,intolerant,susceptible,medium,21
1952,636,NOGO,8,partial,bird,forest,intolerant,susceptible,medium,7
1953,651,NOGO,8,partial,bird,forest,intolerant,susceptible,medium,3
1954,630,NOGO,8,partial,bird,forest,intolerant,susceptible,medium,90
1955,630,NOGO,8,partial,bird,forest,intolerant,susceptible,medium,40
1956,586,NOGO,8,partial,bird,forest,intolerant,susceptible,medium,7
1957,601,NOGO,8,partial,bird,forest,intolerant,susceptible,medium,82
1958,654,NOGO,8,partial,bird,forest,intolerant,susceptible,medium,18
1959,623,NOGO,8,partial,bird,forest,intolerant,susceptible,medium,25
1960,635,NOGO,8,partial,bird,forest,intolerant,susceptible,medium,11
1961,673,NOGO,8,partial,bird,forest,intolerant,susceptible,medium,83
1962,650,NOGO,8,partial,bird,forest,intolerant,susceptible,medium,34
1963,718,NOGO,8,partial,bird,forest,intolerant,susceptible,medium,26
1964,711,NOGO,8,partial,bird,forest,intolerant,susceptible,medium,17
1965,688,NOGO,8,partial,bird,forest,intolerant,susceptible,medium,102
1966,575,NOGO,8,partial,bird,forest,intolerant,susceptible,medium,22
1967,552,NOGO,8,partial,bird,forest,intolerant,susceptible,medium,25
1968,511,NOGO,8,partial,bird,forest,intolerant,susceptible,medium,182
1969,817,NOGO,8,partial,bird,forest,intolerant,susceptible,medium,124
1970,459,NOGO,8,partial,bird,forest,intolerant,susceptible,medium,75
1971,320,NOGO,8,partial,bird,forest,intolerant,susceptible,medium,33
1972,437,NOGO,8,partial,bird,forest,intolerant,susceptible,medium,347
1973,518,NOGO,8,partial,bird,forest,intolerant,susceptible,medium,307
1974,531,NOGO,8,partial,bird,forest,intolerant,susceptible,medium,61
1975,490,NOGO,8,partial,bird,forest,intolerant,susceptible,medium,136
1976,557,NOGO,8,partial,bird,forest,intolerant,susceptible,medium,62
1977,541,NOGO,8,partial,bird,forest,intolerant,susceptible,medium,85
1978,664,NOGO,8,partial,bird,forest,intolerant,susceptible,medium,58
1979,752,NOGO,8,partial,bird,forest,intolerant,susceptible,medium,68
1980,878,NOGO,8,partial,bird,forest,intolerant,susceptible,medium,83
1981,814,NOGO,8,partial,bird,forest,intolerant,susceptible,medium,138
1982,875,NOGO,8,partial,bird,forest,intolerant,susceptible,medium,140
1983,912,NOGO,8,partial,bird,forest,intolerant,susceptible,medium,129
1984,941,NOGO,8,partial,bird,forest,intolerant,susceptible,medium,59
1985,802,NOGO,8,partial,bird,forest,intolerant,susceptible,medium,50
1986,822,NOGO,8,partial,bird,forest,intolerant,susceptible,medium,106
1987,910,NOGO,8,partial,bird,forest,intolerant,susceptible,medium,57
1988,969,NOGO,8,partial,bird,forest,intolerant,susceptible,medium,50
1989,921,NOGO,8,partial,bird,forest,intolerant,susceptible,medium,27
1990,965,NOGO,8,partial,bird,forest,intolerant,susceptible,medium,88
1991,992,NOGO,8,partial,bird,forest,intolerant,susceptible,medium,54
1992,957,NOGO,8,partial,bird,forest,intolerant,susceptible,medium,43
1993,986,NOGO,8,partial,bird,forest,intolerant,susceptible,medium,110
1994,1057,NOGO,8,partial,bird,forest,intolerant,susceptible,medium,34
1995,1020,NOGO,8,partial,bird,forest,intolerant,susceptible,medium,120
1996,1044,NOGO,8,partial,bird,forest,intolerant,susceptible,medium,41
1997,1050,NOGO,8,partial,bird,forest,intolerant,susceptible,medium,92
1998,1157,NOGO,8,partial,bird,forest,intolerant,susceptible,medium,36
1999,1088,NOGO,8,partial,bird,forest,intolerant,susceptible,medium,171
2000,1126.55,NOGO,8,partial,bird,forest,intolerant,susceptible,medium,34
2001,1137.37,NOGO,8,partial,bird,forest,intolerant,susceptible,medium,122
2002,1038.8,NOGO,8,partial,bird,forest,intolerant,susceptible,medium,43
2003,1034.09,NOGO,8,partial,bird,forest,intolerant,susceptible,medium,62
2004,1093.45,NOGO,8,partial,bird,forest,intolerant,susceptible,medium,31
2005,1120.68,NOGO,8,partial,bird,forest,intolerant,susceptible,medium,54
2006,1066.95,NOGO,8,partial,bird,forest,intolerant,susceptible,medium,15
2007,1045.15,NOGO,8,partial,bird,forest,intolerant,susceptible,medium,43
2008,1082.32,NOGO,8,partial,bird,forest,intolerant,susceptible,medium,25
2009,1032.67,NOGO,8,partial,bird,forest,intolerant,susceptible,medium,25
2010,1084.85,NOGO,8,partial,bird,forest,intolerant,susceptible,medium,52
2011,1055.32,NOGO,8,partial,bird,forest,intolerant,susceptible,medium,30
2012,1095.45,NOGO,8,partial,bird,forest,intolerant,susceptible,medium,63
2013,1098.2,NOGO,8,partial,bird,forest,intolerant,susceptible,medium,30
2014,1101.87,NOGO,8,partial,bird,forest,intolerant,susceptible,medium,23
2015,1115.33,NOGO,8,partial,bird,forest,intolerant,susceptible,medium,9
2016,1114.33,NOGO,8,partial,bird,forest,intolerant,susceptible,medium,35
2017,1020.72,NOGO,8,partial,bird,forest,intolerant,susceptible,medium,3
2018,1018.6,NOGO,8,partial,bird,forest,intolerant,susceptible,medium,19
1946,594,NOHA,9,partial,mammal,open,intolerant,susceptible,small,169
1947,592,NOHA,9,partial,mammal,open,intolerant,susceptible,small,176
1948,577,NOHA,9,partial,mammal,open,intolerant,susceptible,small,185
1949,640,NOHA,9,partial,mammal,open,intolerant,susceptible,small,209
1950,625,NOHA,9,partial,mammal,open,intolerant,susceptible,small,213
1951,561,NOHA,9,partial,mammal,open,intolerant,susceptible,small,214
1952,636,NOHA,9,partial,mammal,open,intolerant,susceptible,small,312
1953,651,NOHA,9,partial,mammal,open,intolerant,susceptible,small,252
1954,630,NOHA,9,partial,mammal,open,intolerant,susceptible,small,158
1955,630,NOHA,9,partial,mammal,open,intolerant,susceptible,small,224
1956,586,NOHA,9,partial,mammal,open,intolerant,susceptible,small,136
1957,601,NOHA,9,partial,mammal,open,intolerant,susceptible,small,192
1958,654,NOHA,9,partial,mammal,open,intolerant,susceptible,small,201
1959,623,NOHA,9,partial,mammal,open,intolerant,susceptible,small,252
1960,635,NOHA,9,partial,mammal,open,intolerant,susceptible,small,229
1961,673,NOHA,9,partial,mammal,open,intolerant,susceptible,small,261
1962,650,NOHA,9,partial,mammal,open,intolerant,susceptible,small,182
1963,718,NOHA,9,partial,mammal,open,intolerant,susceptible,small,175
1964,711,NOHA,9,partial,mammal,open,intolerant,susceptible,small,185
1965,688,NOHA,9,partial,mammal,open,intolerant,susceptible,small,182
1966,575,NOHA,9,partial,mammal,open,intolerant,susceptible,small,160
1967,552,NOHA,9,partial,mammal,open,intolerant,susceptible,small,147
1968,511,NOHA,9,partial,mammal,open,intolerant,susceptible,small,240
1969,817,NOHA,9,partial,mammal,open,intolerant,susceptible,small,221
1970,459,NOHA,9,partial,mammal,open,intolerant,susceptible,small,249
1971,320,NOHA,9,partial,mammal,open,intolerant,susceptible,small,136
1972,437,NOHA,9,partial,mammal,open,intolerant,susceptible,small,154
1973,518,NOHA,9,partial,mammal,open,intolerant,susceptible,small,177
1974,531,NOHA,9,partial,mammal,open,intolerant,susceptible,small,163
1975,490,NOHA,9,partial,mammal,open,intolerant,susceptible,small,267
1976,557,NOHA,9,partial,mammal,open,intolerant,susceptible,small,248
1977,541,NOHA,9,partial,mammal,open,intolerant,susceptible,small,288
1978,664,NOHA,9,partial,mammal,open,intolerant,susceptible,small,183
1979,752,NOHA,9,partial,mammal,open,intolerant,susceptible,small,235
1980,878,NOHA,9,partial,mammal,open,intolerant,susceptible,small,475
1981,814,NOHA,9,partial,mammal,open,intolerant,susceptible,small,280
1982,875,NOHA,9,partial,mammal,open,intolerant,susceptible,small,293
1983,912,NOHA,9,partial,mammal,open,intolerant,susceptible,small,318
1984,941,NOHA,9,partial,mammal,open,intolerant,susceptible,small,317
1985,802,NOHA,9,partial,mammal,open,intolerant,susceptible,small,368
1986,822,NOHA,9,partial,mammal,open,intolerant,susceptible,small,304
1987,910,NOHA,9,partial,mammal,open,intolerant,susceptible,small,356
1988,969,NOHA,9,partial,mammal,open,intolerant,susceptible,small,306
1989,921,NOHA,9,partial,mammal,open,intolerant,susceptible,small,401
1990,965,NOHA,9,partial,mammal,open,intolerant,susceptible,small,318
1991,992,NOHA,9,partial,mammal,open,intolerant,susceptible,small,197
1992,957,NOHA,9,partial,mammal,open,intolerant,susceptible,small,162
1993,986,NOHA,9,partial,mammal,open,intolerant,susceptible,small,355
1994,1057,NOHA,9,partial,mammal,open,intolerant,susceptible,small,296
1995,1020,NOHA,9,partial,mammal,open,intolerant,susceptible,small,272
1996,1044,NOHA,9,partial,mammal,open,intolerant,susceptible,small,129
1997,1050,NOHA,9,partial,mammal,open,intolerant,susceptible,small,213
1998,1157,NOHA,9,partial,mammal,open,intolerant,susceptible,small,305
1999,1088,NOHA,9,partial,mammal,open,intolerant,susceptible,small,315
2000,1126.55,NOHA,9,partial,mammal,open,intolerant,susceptible,small,140
2001,1137.37,NOHA,9,partial,mammal,open,intolerant,susceptible,small,255
2002,1038.8,NOHA,9,partial,mammal,open,intolerant,susceptible,small,181
2003,1034.09,NOHA,9,partial,mammal,open,intolerant,susceptible,small,254
2004,1093.45,NOHA,9,partial,mammal,open,intolerant,susceptible,small,187
2005,1120.68,NOHA,9,partial,mammal,open,intolerant,susceptible,small,209
2006,1066.95,NOHA,9,partial,mammal,open,intolerant,susceptible,small,275
2007,1045.15,NOHA,9,partial,mammal,open,intolerant,susceptible,small,275
2008,1082.32,NOHA,9,partial,mammal,open,intolerant,susceptible,small,143
2009,1032.67,NOHA,9,partial,mammal,open,intolerant,susceptible,small,147
2010,1084.85,NOHA,9,partial,mammal,open,intolerant,susceptible,small,180
2011,1055.32,NOHA,9,partial,mammal,open,intolerant,susceptible,small,153
2012,1095.45,NOHA,9,partial,mammal,open,intolerant,susceptible,small,148
2013,1098.2,NOHA,9,partial,mammal,open,intolerant,susceptible,small,109
2014,1101.87,NOHA,9,partial,mammal,open,intolerant,susceptible,small,167
2015,1115.33,NOHA,9,partial,mammal,open,intolerant,susceptible,small,148
2016,1114.33,NOHA,9,partial,mammal,open,intolerant,susceptible,small,118
2017,1020.72,NOHA,9,partial,mammal,open,intolerant,susceptible,small,81
2018,1018.6,NOHA,9,partial,mammal,open,intolerant,susceptible,small,128
1946,594,OSPR,10,partial,fish,open,tolerant,susceptible,large,188
1947,592,OSPR,10,partial,fish,open,tolerant,susceptible,large,215
1948,577,OSPR,10,partial,fish,open,tolerant,susceptible,large,174
1949,640,OSPR,10,partial,fish,open,tolerant,susceptible,large,209
1950,625,OSPR,10,partial,fish,open,tolerant,susceptible,large,309
1951,561,OSPR,10,partial,fish,open,tolerant,susceptible,large,253
1952,636,OSPR,10,partial,fish,open,tolerant,susceptible,large,337
1953,651,OSPR,10,partial,fish,open,tolerant,susceptible,large,328
1954,630,OSPR,10,partial,fish,open,tolerant,susceptible,large,320
1955,630,OSPR,10,partial,fish,open,tolerant,susceptible,large,354
1956,586,OSPR,10,partial,fish,open,tolerant,susceptible,large,284
1957,601,OSPR,10,partial,fish,open,tolerant,susceptible,large,323
1958,654,OSPR,10,partial,fish,open,tolerant,susceptible,large,324
1959,623,OSPR,10,partial,fish,open,tolerant,susceptible,large,312
1960,635,OSPR,10,partial,fish,open,tolerant,susceptible,large,263
1961,673,OSPR,10,partial,fish,open,tolerant,susceptible,large,287
1962,650,OSPR,10,partial,fish,open,tolerant,susceptible,large,295
1963,718,OSPR,10,partial,fish,open,tolerant,susceptible,large,186
1964,711,OSPR,10,partial,fish,open,tolerant,susceptible,large,324
1965,688,OSPR,10,partial,fish,open,tolerant,susceptible,large,452
1966,575,OSPR,10,partial,fish,open,tolerant,susceptible,large,388
1967,552,OSPR,10,partial,fish,open,tolerant,susceptible,large,380
1968,511,OSPR,10,partial,fish,open,tolerant,susceptible,large,209
1969,817,OSPR,10,partial,fish,open,tolerant,susceptible,large,338
1970,459,OSPR,10,partial,fish,open,tolerant,susceptible,large,348
1971,320,OSPR,10,partial,fish,open,tolerant,susceptible,large,264
1972,437,OSPR,10,partial,fish,open,tolerant,susceptible,large,272
1973,518,OSPR,10,partial,fish,open,tolerant,susceptible,large,346
1974,531,OSPR,10,partial,fish,open,tolerant,susceptible,large,183
1975,490,OSPR,10,partial,fish,open,tolerant,susceptible,large,196
1976,557,OSPR,10,partial,fish,open,tolerant,susceptible,large,314
1977,541,OSPR,10,partial,fish,open,tolerant,susceptible,large,340
1978,664,OSPR,10,partial,fish,open,tolerant,susceptible,large,380
1979,752,OSPR,10,partial,fish,open,tolerant,susceptible,large,443
1980,878,OSPR,10,partial,fish,open,tolerant,susceptible,large,364
1981,814,OSPR,10,partial,fish,open,tolerant,susceptible,large,538
1982,875,OSPR,10,partial,fish,open,tolerant,susceptible,large,433
1983,912,OSPR,10,partial,fish,open,tolerant,susceptible,large,454
1984,941,OSPR,10,partial,fish,open,tolerant,susceptible,large,579
1985,802,OSPR,10,partial,fish,open,tolerant,susceptible,large,405
1986,822,OSPR,10,partial,fish,open,tolerant,susceptible,large,798
1987,910,OSPR,10,partial,fish,open,tolerant,susceptible,large,669
1988,969,OSPR,10,partial,fish,open,tolerant,susceptible,large,609
1989,921,OSPR,10,partial,fish,open,tolerant,susceptible,large,758
1990,965,OSPR,10,partial,fish,open,tolerant,susceptible,large,872
1991,992,OSPR,10,partial,fish,open,tolerant,susceptible,large,606
1992,957,OSPR,10,partial,fish,open,tolerant,susceptible,large,531
1993,986,OSPR,10,partial,fish,open,tolerant,susceptible,large,700
1994,1057,OSPR,10,partial,fish,open,tolerant,susceptible,large,475
1995,1020,OSPR,10,partial,fish,open,tolerant,susceptible,large,468
1996,1044,OSPR,10,partial,fish,open,tolerant,susceptible,large,567
1997,1050,OSPR,10,partial,fish,open,tolerant,susceptible,large,621
1998,1157,OSPR,10,partial,fish,open,tolerant,susceptible,large,617
1999,1088,OSPR,10,partial,fish,open,tolerant,susceptible,large,681
2000,1126.55,OSPR,10,partial,fish,open,tolerant,susceptible,large,493
2001,1137.37,OSPR,10,partial,fish,open,tolerant,susceptible,large,573
2002,1038.8,OSPR,10,partial,fish,open,tolerant,susceptible,large,706
2003,1034.09,OSPR,10,partial,fish,open,tolerant,susceptible,large,675
2004,1093.45,OSPR,10,partial,fish,open,tolerant,susceptible,large,672
2005,1120.68,OSPR,10,partial,fish,open,tolerant,susceptible,large,480
2006,1066.95,OSPR,10,partial,fish,open,tolerant,susceptible,large,674
2007,1045.15,OSPR,10,partial,fish,open,tolerant,susceptible,large,718
2008,1082.32,OSPR,10,partial,fish,open,tolerant,susceptible,large,474
2009,1032.67,OSPR,10,partial,fish,open,tolerant,susceptible,large,455
2010,1084.85,OSPR,10,partial,fish,open,tolerant,susceptible,large,659
2011,1055.32,OSPR,10,partial,fish,open,tolerant,susceptible,large,463
2012,1095.45,OSPR,10,partial,fish,open,tolerant,susceptible,large,575
2013,1098.2,OSPR,10,partial,fish,open,tolerant,susceptible,large,388
2014,1101.87,OSPR,10,partial,fish,open,tolerant,susceptible,large,467
2015,1115.33,OSPR,10,partial,fish,open,tolerant,susceptible,large,336
2016,1114.33,OSPR,10,partial,fish,open,tolerant,susceptible,large,345
2017,1020.72,OSPR,10,partial,fish,open,tolerant,susceptible,large,282
2018,1018.6,OSPR,10,partial,fish,open,tolerant,susceptible,large,335
1946,594,PEFA,11,complete,bird,open,tolerant,susceptible,medium,26
1947,592,PEFA,11,complete,bird,open,tolerant,susceptible,medium,18
1948,577,PEFA,11,complete,bird,open,tolerant,susceptible,medium,33
1949,640,PEFA,11,complete,bird,open,tolerant,susceptible,medium,35
1950,625,PEFA,11,complete,bird,open,tolerant,susceptible,medium,33
1951,561,PEFA,11,complete,bird,open,tolerant,susceptible,medium,22
1952,636,PEFA,11,complete,bird,open,tolerant,susceptible,medium,34
1953,651,PEFA,11,complete,bird,open,tolerant,susceptible,medium,13
1954,630,PEFA,11,complete,bird,open,tolerant,susceptible,medium,28
1955,630,PEFA,11,complete,bird,open,tolerant,susceptible,medium,35
1956,586,PEFA,11,complete,bird,open,tolerant,susceptible,medium,16
1957,601,PEFA,11,complete,bird,open,tolerant,susceptible,medium,15
1958,654,PEFA,11,complete,bird,open,tolerant,susceptible,medium,23
1959,623,PEFA,11,complete,bird,open,tolerant,susceptible,medium,35
1960,635,PEFA,11,complete,bird,open,tolerant,susceptible,medium,18
1961,673,PEFA,11,complete,bird,open,tolerant,susceptible,medium,20
1962,650,PEFA,11,complete,bird,open,tolerant,susceptible,medium,30
1963,718,PEFA,11,complete,bird,open,tolerant,susceptible,medium,21
1964,711,PEFA,11,complete,bird,open,tolerant,susceptible,medium,19
1965,688,PEFA,11,complete,bird,open,tolerant,susceptible,medium,13
1966,575,PEFA,11,complete,bird,open,tolerant,susceptible,medium,22
1967,552,PEFA,11,complete,bird,open,tolerant,susceptible,medium,16
1968,511,PEFA,11,complete,bird,open,tolerant,susceptible,medium,12
1969,817,PEFA,11,complete,bird,open,tolerant,susceptible,medium,17
1970,459,PEFA,11,complete,bird,open,tolerant,susceptible,medium,17
1971,320,PEFA,11,complete,bird,open,tolerant,susceptible,medium,9
1972,437,PEFA,11,complete,bird,open,tolerant,susceptible,medium,6
1973,518,PEFA,11,complete,bird,open,tolerant,susceptible,medium,9
1974,531,PEFA,11,complete,bird,open,tolerant,susceptible,medium,7
1975,490,PEFA,11,complete,bird,open,tolerant,susceptible,medium,6
1976,557,PEFA,11,complete,bird,open,tolerant,susceptible,medium,8
1977,541,PEFA,11,complete,bird,open,tolerant,susceptible,medium,11
1978,664,PEFA,11,complete,bird,open,tolerant,susceptible,medium,9
1979,752,PEFA,11,complete,bird,open,tolerant,susceptible,medium,14
1980,878,PEFA,11,complete,bird,open,tolerant,susceptible,medium,9
1981,814,PEFA,11,complete,bird,open,tolerant,susceptible,medium,20
1982,875,PEFA,11,complete,bird,open,tolerant,susceptible,medium,6
1983,912,PEFA,11,complete,bird,open,tolerant,susceptible,medium,8
1984,941,PEFA,11,complete,bird,open,tolerant,susceptible,medium,8
1985,802,PEFA,11,complete,bird,open,tolerant,susceptible,medium,12
1986,822,PEFA,11,complete,bird,open,tolerant,susceptible,medium,25
1987,910,PEFA,11,complete,bird,open,tolerant,susceptible,medium,31
1988,969,PEFA,11,complete,bird,open,tolerant,susceptible,medium,15
1989,921,PEFA,11,complete,bird,open,tolerant,susceptible,medium,51
1990,965,PEFA,11,complete,bird,open,tolerant,susceptible,medium,48
1991,992,PEFA,11,complete,bird,open,tolerant,susceptible,medium,44
1992,957,PEFA,11,complete,bird,open,tolerant,susceptible,medium,41
1993,986,PEFA,11,complete,bird,open,tolerant,susceptible,medium,50
1994,1057,PEFA,11,complete,bird,open,tolerant,susceptible,medium,24
1995,1020,PEFA,11,complete,bird,open,tolerant,susceptible,medium,28
1996,1044,PEFA,11,complete,bird,open,tolerant,susceptible,medium,39
1997,1050,PEFA,11,complete,bird,open,tolerant,susceptible,medium,60
1998,1157,PEFA,11,complete,bird,open,tolerant,susceptible,medium,55
1999,1088,PEFA,11,complete,bird,open,tolerant,susceptible,medium,48
2000,1126.55,PEFA,11,complete,bird,open,tolerant,susceptible,medium,47
2001,1137.37,PEFA,11,complete,bird,open,tolerant,susceptible,medium,36
2002,1038.8,PEFA,11,complete,bird,open,tolerant,susceptible,medium,62
2003,1034.09,PEFA,11,complete,bird,open,tolerant,susceptible,medium,55
2004,1093.45,PEFA,11,complete,bird,open,tolerant,susceptible,medium,44
2005,1120.68,PEFA,11,complete,bird,open,tolerant,susceptible,medium,54
2006,1066.95,PEFA,11,complete,bird,open,tolerant,susceptible,medium,62
2007,1045.15,PEFA,11,complete,bird,open,tolerant,susceptible,medium,38
2008,1082.32,PEFA,11,complete,bird,open,tolerant,susceptible,medium,61
2009,1032.67,PEFA,11,complete,bird,open,tolerant,susceptible,medium,68
2010,1084.85,PEFA,11,complete,bird,open,tolerant,susceptible,medium,68
2011,1055.32,PEFA,11,complete,bird,open,tolerant,susceptible,medium,56
2012,1095.45,PEFA,11,complete,bird,open,tolerant,susceptible,medium,54
2013,1098.2,PEFA,11,complete,bird,open,tolerant,susceptible,medium,47
2014,1101.87,PEFA,11,complete,bird,open,tolerant,susceptible,medium,90
2015,1115.33,PEFA,11,complete,bird,open,tolerant,susceptible,medium,56
2016,1114.33,PEFA,11,complete,bird,open,tolerant,susceptible,medium,48
2017,1020.72,PEFA,11,complete,bird,open,tolerant,susceptible,medium,67
2018,1018.6,PEFA,11,complete,bird,open,tolerant,susceptible,medium,61
1946,594,RLHA,12,complete,mammal,open,tolerant,unsusceptible,medium,0
1947,592,RLHA,12,complete,mammal,open,tolerant,unsusceptible,medium,0
1948,577,RLHA,12,complete,mammal,open,tolerant,unsusceptible,medium,9
1949,640,RLHA,12,complete,mammal,open,tolerant,unsusceptible,medium,16
1950,625,RLHA,12,complete,mammal,open,tolerant,unsusceptible,medium,2
1951,561,RLHA,12,complete,mammal,open,tolerant,unsusceptible,medium,0
1952,636,RLHA,12,complete,mammal,open,tolerant,unsusceptible,medium,9
1953,651,RLHA,12,complete,mammal,open,tolerant,unsusceptible,medium,2
1954,630,RLHA,12,complete,mammal,open,tolerant,unsusceptible,medium,3
1955,630,RLHA,12,complete,mammal,open,tolerant,unsusceptible,medium,0
1956,586,RLHA,12,complete,mammal,open,tolerant,unsusceptible,medium,10
1957,601,RLHA,12,complete,mammal,open,tolerant,unsusceptible,medium,7
1958,654,RLHA,12,complete,mammal,open,tolerant,unsusceptible,medium,1
1959,623,RLHA,12,complete,mammal,open,tolerant,unsusceptible,medium,10
1960,635,RLHA,12,complete,mammal,open,tolerant,unsusceptible,medium,25
1961,673,RLHA,12,complete,mammal,open,tolerant,unsusceptible,medium,31
1962,650,RLHA,12,complete,mammal,open,tolerant,unsusceptible,medium,7
1963,718,RLHA,12,complete,mammal,open,tolerant,unsusceptible,medium,6
1964,711,RLHA,12,complete,mammal,open,tolerant,unsusceptible,medium,14
1965,688,RLHA,12,complete,mammal,open,tolerant,unsusceptible,medium,4
1966,575,RLHA,12,complete,mammal,open,tolerant,unsusceptible,medium,3
1967,552,RLHA,12,complete,mammal,open,tolerant,unsusceptible,medium,5
1968,511,RLHA,12,complete,mammal,open,tolerant,unsusceptible,medium,5
1969,817,RLHA,12,complete,mammal,open,tolerant,unsusceptible,medium,13
1970,459,RLHA,12,complete,mammal,open,tolerant,unsusceptible,medium,10
1971,320,RLHA,12,complete,mammal,open,tolerant,unsusceptible,medium,7
1972,437,RLHA,12,complete,mammal,open,tolerant,unsusceptible,medium,6
1973,518,RLHA,12,complete,mammal,open,tolerant,unsusceptible,medium,8
1974,531,RLHA,12,complete,mammal,open,tolerant,unsusceptible,medium,17
1975,490,RLHA,12,complete,mammal,open,tolerant,unsusceptible,medium,9
1976,557,RLHA,12,complete,mammal,open,tolerant,unsusceptible,medium,13
1977,541,RLHA,12,complete,mammal,open,tolerant,unsusceptible,medium,17
1978,664,RLHA,12,complete,mammal,open,tolerant,unsusceptible,medium,7
1979,752,RLHA,12,complete,mammal,open,tolerant,unsusceptible,medium,14
1980,878,RLHA,12,complete,mammal,open,tolerant,unsusceptible,medium,23
1981,814,RLHA,12,complete,mammal,open,tolerant,unsusceptible,medium,18
1982,875,RLHA,12,complete,mammal,open,tolerant,unsusceptible,medium,17
1983,912,RLHA,12,complete,mammal,open,tolerant,unsusceptible,medium,14
1984,941,RLHA,12,complete,mammal,open,tolerant,unsusceptible,medium,5
1985,802,RLHA,12,complete,mammal,open,tolerant,unsusceptible,medium,12
1986,822,RLHA,12,complete,mammal,open,tolerant,unsusceptible,medium,11
1987,910,RLHA,12,complete,mammal,open,tolerant,unsusceptible,medium,22
1988,969,RLHA,12,complete,mammal,open,tolerant,unsusceptible,medium,14
1989,921,RLHA,12,complete,mammal,open,tolerant,unsusceptible,medium,12
1990,965,RLHA,12,complete,mammal,open,tolerant,unsusceptible,medium,21
1991,992,RLHA,12,complete,mammal,open,tolerant,unsusceptible,medium,9
1992,957,RLHA,12,complete,mammal,open,tolerant,unsusceptible,medium,4
1993,986,RLHA,12,complete,mammal,open,tolerant,unsusceptible,medium,6
1994,1057,RLHA,12,complete,mammal,open,tolerant,unsusceptible,medium,9
1995,1020,RLHA,12,complete,mammal,open,tolerant,unsusceptible,medium,9
1996,1044,RLHA,12,complete,mammal,open,tolerant,unsusceptible,medium,4
1997,1050,RLHA,12,complete,mammal,open,tolerant,unsusceptible,medium,24
1998,1157,RLHA,12,complete,mammal,open,tolerant,unsusceptible,medium,6
1999,1088,RLHA,12,complete,mammal,open,tolerant,unsusceptible,medium,14
2000,1126.55,RLHA,12,complete,mammal,open,tolerant,unsusceptible,medium,5
2001,1137.37,RLHA,12,complete,mammal,open,tolerant,unsusceptible,medium,3
2002,1038.8,RLHA,12,complete,mammal,open,tolerant,unsusceptible,medium,5
2003,1034.09,RLHA,12,complete,mammal,open,tolerant,unsusceptible,medium,10
2004,1093.45,RLHA,12,complete,mammal,open,tolerant,unsusceptible,medium,11
2005,1120.68,RLHA,12,complete,mammal,open,tolerant,unsusceptible,medium,6
2006,1066.95,RLHA,12,complete,mammal,open,tolerant,unsusceptible,medium,1
2007,1045.15,RLHA,12,complete,mammal,open,tolerant,unsusceptible,medium,4
2008,1082.32,RLHA,12,complete,mammal,open,tolerant,unsusceptible,medium,5
2009,1032.67,RLHA,12,complete,mammal,open,tolerant,unsusceptible,medium,0
2010,1084.85,RLHA,12,complete,mammal,open,tolerant,unsusceptible,medium,0
2011,1055.32,RLHA,12,complete,mammal,open,tolerant,unsusceptible,medium,0
2012,1095.45,RLHA,12,complete,mammal,open,tolerant,unsusceptible,medium,0
2013,1098.2,RLHA,12,complete,mammal,open,tolerant,unsusceptible,medium,1
2014,1101.87,RLHA,12,complete,mammal,open,tolerant,unsusceptible,medium,2
2015,1115.33,RLHA,12,complete,mammal,open,tolerant,unsusceptible,medium,0
2016,1114.33,RLHA,12,complete,mammal,open,tolerant,unsusceptible,medium,2
2017,1020.72,RLHA,12,complete,mammal,open,tolerant,unsusceptible,medium,1
2018,1018.6,RLHA,12,complete,mammal,open,tolerant,unsusceptible,medium,2
1946,594,RSHA,13,partial,mammal,forest,intolerant,susceptible,medium,236
1947,592,RSHA,13,partial,mammal,forest,intolerant,susceptible,medium,238
1948,577,RSHA,13,partial,mammal,forest,intolerant,susceptible,medium,262
1949,640,RSHA,13,partial,mammal,forest,intolerant,susceptible,medium,284
1950,625,RSHA,13,partial,mammal,forest,intolerant,susceptible,medium,346
1951,561,RSHA,13,partial,mammal,forest,intolerant,susceptible,medium,379
1952,636,RSHA,13,partial,mammal,forest,intolerant,susceptible,medium,348
1953,651,RSHA,13,partial,mammal,forest,intolerant,susceptible,medium,179
1954,630,RSHA,13,partial,mammal,forest,intolerant,susceptible,medium,311
1955,630,RSHA,13,partial,mammal,forest,intolerant,susceptible,medium,425
1956,586,RSHA,13,partial,mammal,forest,intolerant,susceptible,medium,284
1957,601,RSHA,13,partial,mammal,forest,intolerant,susceptible,medium,220
1958,654,RSHA,13,partial,mammal,forest,intolerant,susceptible,medium,468
1959,623,RSHA,13,partial,mammal,forest,intolerant,susceptible,medium,341
1960,635,RSHA,13,partial,mammal,forest,intolerant,susceptible,medium,331
1961,673,RSHA,13,partial,mammal,forest,intolerant,susceptible,medium,311
1962,650,RSHA,13,partial,mammal,forest,intolerant,susceptible,medium,271
1963,718,RSHA,13,partial,mammal,forest,intolerant,susceptible,medium,198
1964,711,RSHA,13,partial,mammal,forest,intolerant,susceptible,medium,217
1965,688,RSHA,13,partial,mammal,forest,intolerant,susceptible,medium,300
1966,575,RSHA,13,partial,mammal,forest,intolerant,susceptible,medium,197
1967,552,RSHA,13,partial,mammal,forest,intolerant,susceptible,medium,140
1968,511,RSHA,13,partial,mammal,forest,intolerant,susceptible,medium,273
1969,817,RSHA,13,partial,mammal,forest,intolerant,susceptible,medium,186
1970,459,RSHA,13,partial,mammal,forest,intolerant,susceptible,medium,130
1971,320,RSHA,13,partial,mammal,forest,intolerant,susceptible,medium,87
1972,437,RSHA,13,partial,mammal,forest,intolerant,susceptible,medium,123
1973,518,RSHA,13,partial,mammal,forest,intolerant,susceptible,medium,116
1974,531,RSHA,13,partial,mammal,forest,intolerant,susceptible,medium,182
1975,490,RSHA,13,partial,mammal,forest,intolerant,susceptible,medium,205
1976,557,RSHA,13,partial,mammal,forest,intolerant,susceptible,medium,167
1977,541,RSHA,13,partial,mammal,forest,intolerant,susceptible,medium,266
1978,664,RSHA,13,partial,mammal,forest,intolerant,susceptible,medium,163
1979,752,RSHA,13,partial,mammal,forest,intolerant,susceptible,medium,234
1980,878,RSHA,13,partial,mammal,forest,intolerant,susceptible,medium,349
1981,814,RSHA,13,partial,mammal,forest,intolerant,susceptible,medium,250
1982,875,RSHA,13,partial,mammal,forest,intolerant,susceptible,medium,320
1983,912,RSHA,13,partial,mammal,forest,intolerant,susceptible,medium,451
1984,941,RSHA,13,partial,mammal,forest,intolerant,susceptible,medium,208
1985,802,RSHA,13,partial,mammal,forest,intolerant,susceptible,medium,203
1986,822,RSHA,13,partial,mammal,forest,intolerant,susceptible,medium,175
1987,910,RSHA,13,partial,mammal,forest,intolerant,susceptible,medium,351
1988,969,RSHA,13,partial,mammal,forest,intolerant,susceptible,medium,365
1989,921,RSHA,13,partial,mammal,forest,intolerant,susceptible,medium,260
1990,965,RSHA,13,partial,mammal,forest,intolerant,susceptible,medium,328
1991,992,RSHA,13,partial,mammal,forest,intolerant,susceptible,medium,168
1992,957,RSHA,13,partial,mammal,forest,intolerant,susceptible,medium,243
1993,986,RSHA,13,partial,mammal,forest,intolerant,susceptible,medium,248
1994,1057,RSHA,13,partial,mammal,forest,intolerant,susceptible,medium,260
1995,1020,RSHA,13,partial,mammal,forest,intolerant,susceptible,medium,402
1996,1044,RSHA,13,partial,mammal,forest,intolerant,susceptible,medium,310
1997,1050,RSHA,13,partial,mammal,forest,intolerant,susceptible,medium,306
1998,1157,RSHA,13,partial,mammal,forest,intolerant,susceptible,medium,369
1999,1088,RSHA,13,partial,mammal,forest,intolerant,susceptible,medium,332
2000,1126.55,RSHA,13,partial,mammal,forest,intolerant,susceptible,medium,197
2001,1137.37,RSHA,13,partial,mammal,forest,intolerant,susceptible,medium,275
2002,1038.8,RSHA,13,partial,mammal,forest,intolerant,susceptible,medium,241
2003,1034.09,RSHA,13,partial,mammal,forest,intolerant,susceptible,medium,231
2004,1093.45,RSHA,13,partial,mammal,forest,intolerant,susceptible,medium,212
2005,1120.68,RSHA,13,partial,mammal,forest,intolerant,susceptible,medium,346
2006,1066.95,RSHA,13,partial,mammal,forest,intolerant,susceptible,medium,253
2007,1045.15,RSHA,13,partial,mammal,forest,intolerant,susceptible,medium,220
2008,1082.32,RSHA,13,partial,mammal,forest,intolerant,susceptible,medium,137
2009,1032.67,RSHA,13,partial,mammal,forest,intolerant,susceptible,medium,141
2010,1084.85,RSHA,13,partial,mammal,forest,intolerant,susceptible,medium,170
2011,1055.32,RSHA,13,partial,mammal,forest,intolerant,susceptible,medium,117
2012,1095.45,RSHA,13,partial,mammal,forest,intolerant,susceptible,medium,192
2013,1098.2,RSHA,13,partial,mammal,forest,intolerant,susceptible,medium,167
2014,1101.87,RSHA,13,partial,mammal,forest,intolerant,susceptible,medium,197
2015,1115.33,RSHA,13,partial,mammal,forest,intolerant,susceptible,medium,115
2016,1114.33,RSHA,13,partial,mammal,forest,intolerant,susceptible,medium,148
2017,1020.72,RSHA,13,partial,mammal,forest,intolerant,susceptible,medium,162
2018,1018.6,RSHA,13,partial,mammal,forest,intolerant,susceptible,medium,207
1946,594,RTHA,14,partial,mammal,open,tolerant,unsusceptible,medium,2306
1947,592,RTHA,14,partial,mammal,open,tolerant,unsusceptible,medium,1680
1948,577,RTHA,14,partial,mammal,open,tolerant,unsusceptible,medium,2343
1949,640,RTHA,14,partial,mammal,open,tolerant,unsusceptible,medium,2749
1950,625,RTHA,14,partial,mammal,open,tolerant,unsusceptible,medium,2667
1951,561,RTHA,14,partial,mammal,open,tolerant,unsusceptible,medium,2307
1952,636,RTHA,14,partial,mammal,open,tolerant,unsusceptible,medium,2754
1953,651,RTHA,14,partial,mammal,open,tolerant,unsusceptible,medium,2051
1954,630,RTHA,14,partial,mammal,open,tolerant,unsusceptible,medium,2070
1955,630,RTHA,14,partial,mammal,open,tolerant,unsusceptible,medium,3764
1956,586,RTHA,14,partial,mammal,open,tolerant,unsusceptible,medium,1525
1957,601,RTHA,14,partial,mammal,open,tolerant,unsusceptible,medium,2730
1958,654,RTHA,14,partial,mammal,open,tolerant,unsusceptible,medium,2951
1959,623,RTHA,14,partial,mammal,open,tolerant,unsusceptible,medium,1904
1960,635,RTHA,14,partial,mammal,open,tolerant,unsusceptible,medium,2200
1961,673,RTHA,14,partial,mammal,open,tolerant,unsusceptible,medium,2566
1962,650,RTHA,14,partial,mammal,open,tolerant,unsusceptible,medium,2772
1963,718,RTHA,14,partial,mammal,open,tolerant,unsusceptible,medium,3402
1964,711,RTHA,14,partial,mammal,open,tolerant,unsusceptible,medium,2626
1965,688,RTHA,14,partial,mammal,open,tolerant,unsusceptible,medium,3297
1966,575,RTHA,14,partial,mammal,open,tolerant,unsusceptible,medium,2126
1967,552,RTHA,14,partial,mammal,open,tolerant,unsusceptible,medium,1854
1968,511,RTHA,14,partial,mammal,open,tolerant,unsusceptible,medium,3765
1969,817,RTHA,14,partial,mammal,open,tolerant,unsusceptible,medium,3366
1970,459,RTHA,14,partial,mammal,open,tolerant,unsusceptible,medium,2503
1971,320,RTHA,14,partial,mammal,open,tolerant,unsusceptible,medium,1781
1972,437,RTHA,14,partial,mammal,open,tolerant,unsusceptible,medium,3463
1973,518,RTHA,14,partial,mammal,open,tolerant,unsusceptible,medium,3098
1974,531,RTHA,14,partial,mammal,open,tolerant,unsusceptible,medium,3658
1975,490,RTHA,14,partial,mammal,open,tolerant,unsusceptible,medium,2880
1976,557,RTHA,14,partial,mammal,open,tolerant,unsusceptible,medium,3694
1977,541,RTHA,14,partial,mammal,open,tolerant,unsusceptible,medium,3504
1978,664,RTHA,14,partial,mammal,open,tolerant,unsusceptible,medium,2852
1979,752,RTHA,14,partial,mammal,open,tolerant,unsusceptible,medium,4175
1980,878,RTHA,14,partial,mammal,open,tolerant,unsusceptible,medium,5715
1981,814,RTHA,14,partial,mammal,open,tolerant,unsusceptible,medium,3939
1982,875,RTHA,14,partial,mammal,open,tolerant,unsusceptible,medium,5025
1983,912,RTHA,14,partial,mammal,open,tolerant,unsusceptible,medium,3954
1984,941,RTHA,14,partial,mammal,open,tolerant,unsusceptible,medium,3157
1985,802,RTHA,14,partial,mammal,open,tolerant,unsusceptible,medium,2895
1986,822,RTHA,14,partial,mammal,open,tolerant,unsusceptible,medium,3305
1987,910,RTHA,14,partial,mammal,open,tolerant,unsusceptible,medium,4215
1988,969,RTHA,14,partial,mammal,open,tolerant,unsusceptible,medium,4687
1989,921,RTHA,14,partial,mammal,open,tolerant,unsusceptible,medium,3710
1990,965,RTHA,14,partial,mammal,open,tolerant,unsusceptible,medium,3785
1991,992,RTHA,14,partial,mammal,open,tolerant,unsusceptible,medium,2970
1992,957,RTHA,14,partial,mammal,open,tolerant,unsusceptible,medium,3288
1993,986,RTHA,14,partial,mammal,open,tolerant,unsusceptible,medium,3744
1994,1057,RTHA,14,partial,mammal,open,tolerant,unsusceptible,medium,4424
1995,1020,RTHA,14,partial,mammal,open,tolerant,unsusceptible,medium,4850
1996,1044,RTHA,14,partial,mammal,open,tolerant,unsusceptible,medium,2727
1997,1050,RTHA,14,partial,mammal,open,tolerant,unsusceptible,medium,2359
1998,1157,RTHA,14,partial,mammal,open,tolerant,unsusceptible,medium,4331
1999,1088,RTHA,14,partial,mammal,open,tolerant,unsusceptible,medium,4954
2000,1126.55,RTHA,14,partial,mammal,open,tolerant,unsusceptible,medium,2883
2001,1137.37,RTHA,14,partial,mammal,open,tolerant,unsusceptible,medium,3701
2002,1038.8,RTHA,14,partial,mammal,open,tolerant,unsusceptible,medium,3491
2003,1034.09,RTHA,14,partial,mammal,open,tolerant,unsusceptible,medium,3384
2004,1093.45,RTHA,14,partial,mammal,open,tolerant,unsusceptible,medium,2856
2005,1120.68,RTHA,14,partial,mammal,open,tolerant,unsusceptible,medium,4550
2006,1066.95,RTHA,14,partial,mammal,open,tolerant,unsusceptible,medium,3893
2007,1045.15,RTHA,14,partial,mammal,open,tolerant,unsusceptible,medium,2318
2008,1082.32,RTHA,14,partial,mammal,open,tolerant,unsusceptible,medium,1800
2009,1032.67,RTHA,14,partial,mammal,open,tolerant,unsusceptible,medium,1752
2010,1084.85,RTHA,14,partial,mammal,open,tolerant,unsusceptible,medium,3176
2011,1055.32,RTHA,14,partial,mammal,open,tolerant,unsusceptible,medium,1699
2012,1095.45,RTHA,14,partial,mammal,open,tolerant,unsusceptible,medium,2629
2013,1098.2,RTHA,14,partial,mammal,open,tolerant,unsusceptible,medium,2022
2014,1101.87,RTHA,14,partial,mammal,open,tolerant,unsusceptible,medium,2263
2015,1115.33,RTHA,14,partial,mammal,open,tolerant,unsusceptible,medium,1358
2016,1114.33,RTHA,14,partial,mammal,open,tolerant,unsusceptible,medium,2174
2017,1020.72,RTHA,14,partial,mammal,open,tolerant,unsusceptible,medium,1106
2018,1018.6,RTHA,14,partial,mammal,open,tolerant,unsusceptible,medium,1689
1946,594,SSHA,15,partial,bird,forest,intolerant,susceptible,small,2382
1947,592,SSHA,15,partial,bird,forest,intolerant,susceptible,small,1726
1948,577,SSHA,15,partial,bird,forest,intolerant,susceptible,small,1650
1949,640,SSHA,15,partial,bird,forest,intolerant,susceptible,small,2963
1950,625,SSHA,15,partial,bird,forest,intolerant,susceptible,small,3674
1951,561,SSHA,15,partial,bird,forest,intolerant,susceptible,small,3008
1952,636,SSHA,15,partial,bird,forest,intolerant,susceptible,small,3566
1953,651,SSHA,15,partial,bird,forest,intolerant,susceptible,small,2791
1954,630,SSHA,15,partial,bird,forest,intolerant,susceptible,small,3183
1955,630,SSHA,15,partial,bird,forest,intolerant,susceptible,small,4709
1956,586,SSHA,15,partial,bird,forest,intolerant,susceptible,small,2048
1957,601,SSHA,15,partial,bird,forest,intolerant,susceptible,small,2662
1958,654,SSHA,15,partial,bird,forest,intolerant,susceptible,small,1752
1959,623,SSHA,15,partial,bird,forest,intolerant,susceptible,small,2825
1960,635,SSHA,15,partial,bird,forest,intolerant,susceptible,small,2233
1961,673,SSHA,15,partial,bird,forest,intolerant,susceptible,small,1723
1962,650,SSHA,15,partial,bird,forest,intolerant,susceptible,small,2181
1963,718,SSHA,15,partial,bird,forest,intolerant,susceptible,small,1518
1964,711,SSHA,15,partial,bird,forest,intolerant,susceptible,small,1259
1965,688,SSHA,15,partial,bird,forest,intolerant,susceptible,small,3103
1966,575,SSHA,15,partial,bird,forest,intolerant,susceptible,small,2883
1967,552,SSHA,15,partial,bird,forest,intolerant,susceptible,small,2330
1968,511,SSHA,15,partial,bird,forest,intolerant,susceptible,small,2253
1969,817,SSHA,15,partial,bird,forest,intolerant,susceptible,small,2670
1970,459,SSHA,15,partial,bird,forest,intolerant,susceptible,small,1906
1971,320,SSHA,15,partial,bird,forest,intolerant,susceptible,small,2135
1972,437,SSHA,15,partial,bird,forest,intolerant,susceptible,small,2233
1973,518,SSHA,15,partial,bird,forest,intolerant,susceptible,small,3347
1974,531,SSHA,15,partial,bird,forest,intolerant,susceptible,small,4477
1975,490,SSHA,15,partial,bird,forest,intolerant,susceptible,small,5354
1976,557,SSHA,15,partial,bird,forest,intolerant,susceptible,small,5376
1977,541,SSHA,15,partial,bird,forest,intolerant,susceptible,small,10612
1978,664,SSHA,15,partial,bird,forest,intolerant,susceptible,small,6826
1979,752,SSHA,15,partial,bird,forest,intolerant,susceptible,small,10306
1980,878,SSHA,15,partial,bird,forest,intolerant,susceptible,small,8319
1981,814,SSHA,15,partial,bird,forest,intolerant,susceptible,small,9464
1982,875,SSHA,15,partial,bird,forest,intolerant,susceptible,small,4541
1983,912,SSHA,15,partial,bird,forest,intolerant,susceptible,small,6517
1984,941,SSHA,15,partial,bird,forest,intolerant,susceptible,small,3796
1985,802,SSHA,15,partial,bird,forest,intolerant,susceptible,small,5766
1986,822,SSHA,15,partial,bird,forest,intolerant,susceptible,small,9239
1987,910,SSHA,15,partial,bird,forest,intolerant,susceptible,small,6776
1988,969,SSHA,15,partial,bird,forest,intolerant,susceptible,small,6714
1989,921,SSHA,15,partial,bird,forest,intolerant,susceptible,small,9832
1990,965,SSHA,15,partial,bird,forest,intolerant,susceptible,small,8127
1991,992,SSHA,15,partial,bird,forest,intolerant,susceptible,small,5678
1992,957,SSHA,15,partial,bird,forest,intolerant,susceptible,small,4629
1993,986,SSHA,15,partial,bird,forest,intolerant,susceptible,small,5449
1994,1057,SSHA,15,partial,bird,forest,intolerant,susceptible,small,4934
1995,1020,SSHA,15,partial,bird,forest,intolerant,susceptible,small,6217
1996,1044,SSHA,15,partial,bird,forest,intolerant,susceptible,small,4467
1997,1050,SSHA,15,partial,bird,forest,intolerant,susceptible,small,4219
1998,1157,SSHA,15,partial,bird,forest,intolerant,susceptible,small,5831
1999,1088,SSHA,15,partial,bird,forest,intolerant,susceptible,small,4424
2000,1126.55,SSHA,15,partial,bird,forest,intolerant,susceptible,small,4505
2001,1137.37,SSHA,15,partial,bird,forest,intolerant,susceptible,small,4826
2002,1038.8,SSHA,15,partial,bird,forest,intolerant,susceptible,small,3110
2003,1034.09,SSHA,15,partial,bird,forest,intolerant,susceptible,small,3649
2004,1093.45,SSHA,15,partial,bird,forest,intolerant,susceptible,small,2970
2005,1120.68,SSHA,15,partial,bird,forest,intolerant,susceptible,small,4545
2006,1066.95,SSHA,15,partial,bird,forest,intolerant,susceptible,small,5479
2007,1045.15,SSHA,15,partial,bird,forest,intolerant,susceptible,small,5073
2008,1082.32,SSHA,15,partial,bird,forest,intolerant,susceptible,small,3358
2009,1032.67,SSHA,15,partial,bird,forest,intolerant,susceptible,small,4302
2010,1084.85,SSHA,15,partial,bird,forest,intolerant,susceptible,small,6413
2011,1055.32,SSHA,15,partial,bird,forest,intolerant,susceptible,small,4447
2012,1095.45,SSHA,15,partial,bird,forest,intolerant,susceptible,small,5221
2013,1098.2,SSHA,15,partial,bird,forest,intolerant,susceptible,small,3766
2014,1101.87,SSHA,15,partial,bird,forest,intolerant,susceptible,small,4775
2015,1115.33,SSHA,15,partial,bird,forest,intolerant,susceptible,small,3818
2016,1114.33,SSHA,15,partial,bird,forest,intolerant,susceptible,small,2965
2017,1020.72,SSHA,15,partial,bird,forest,intolerant,susceptible,small,2457
2018,1018.6,SSHA,15,partial,bird,forest,intolerant,susceptible,small,5121
1946,594,TUVU,16,partial,carrion,open,tolerant,susceptible,large,66
1947,592,TUVU,16,partial,carrion,open,tolerant,susceptible,large,268
1948,577,TUVU,16,partial,carrion,open,tolerant,susceptible,large,300
1949,640,TUVU,16,partial,carrion,open,tolerant,susceptible,large,376
1950,625,TUVU,16,partial,carrion,open,tolerant,susceptible,large,81
1951,561,TUVU,16,partial,carrion,open,tolerant,susceptible,large,50
1952,636,TUVU,16,partial,carrion,open,tolerant,susceptible,large,31
1953,651,TUVU,16,partial,carrion,open,tolerant,susceptible,large,201
1954,630,TUVU,16,partial,carrion,open,tolerant,susceptible,large,1
1955,630,TUVU,16,partial,carrion,open,tolerant,susceptible,large,62
1956,586,TUVU,16,partial,carrion,open,tolerant,susceptible,large,1
1957,601,TUVU,16,partial,carrion,open,tolerant,susceptible,large,222
1958,654,TUVU,16,partial,carrion,open,tolerant,susceptible,large,14
1959,623,TUVU,16,partial,carrion,open,tolerant,susceptible,large,26
1960,635,TUVU,16,partial,carrion,open,tolerant,susceptible,large,5
1961,673,TUVU,16,partial,carrion,open,tolerant,susceptible,large,129
1962,650,TUVU,16,partial,carrion,open,tolerant,susceptible,large,0
1963,718,TUVU,16,partial,carrion,open,tolerant,susceptible,large,178
1964,711,TUVU,16,partial,carrion,open,tolerant,susceptible,large,7
1965,688,TUVU,16,partial,carrion,open,tolerant,susceptible,large,105
1966,575,TUVU,16,partial,carrion,open,tolerant,susceptible,large,0
1967,552,TUVU,16,partial,carrion,open,tolerant,susceptible,large,3
1968,511,TUVU,16,partial,carrion,open,tolerant,susceptible,large,1
1983,912,TUVU,16,partial,carrion,open,tolerant,susceptible,large,4
1984,941,TUVU,16,partial,carrion,open,tolerant,susceptible,large,1
1986,822,TUVU,16,partial,carrion,open,tolerant,susceptible,large,24
1987,910,TUVU,16,partial,carrion,open,tolerant,susceptible,large,70
1988,969,TUVU,16,partial,carrion,open,tolerant,susceptible,large,51
1989,921,TUVU,16,partial,carrion,open,tolerant,susceptible,large,203
1990,965,TUVU,16,partial,carrion,open,tolerant,susceptible,large,149
1991,992,TUVU,16,partial,carrion,open,tolerant,susceptible,large,173
1992,957,TUVU,16,partial,carrion,open,tolerant,susceptible,large,84
1993,986,TUVU,16,partial,carrion,open,tolerant,susceptible,large,88
1994,1057,TUVU,16,partial,carrion,open,tolerant,susceptible,large,198
1995,1020,TUVU,16,partial,carrion,open,tolerant,susceptible,large,176
1996,1044,TUVU,16,partial,carrion,open,tolerant,susceptible,large,200
1997,1050,TUVU,16,partial,carrion,open,tolerant,susceptible,large,238
1998,1157,TUVU,16,partial,carrion,open,tolerant,susceptible,large,220
1999,1088,TUVU,16,partial,carrion,open,tolerant,susceptible,large,367
2000,1126.55,TUVU,16,partial,carrion,open,tolerant,susceptible,large,169
2001,1137.37,TUVU,16,partial,carrion,open,tolerant,susceptible,large,329
2002,1038.8,TUVU,16,partial,carrion,open,tolerant,susceptible,large,226
2003,1034.09,TUVU,16,partial,carrion,open,tolerant,susceptible,large,327
2004,1093.45,TUVU,16,partial,carrion,open,tolerant,susceptible,large,177
2005,1120.68,TUVU,16,partial,carrion,open,tolerant,susceptible,large,470
2006,1066.95,TUVU,16,partial,carrion,open,tolerant,susceptible,large,453
2007,1045.15,TUVU,16,partial,carrion,open,tolerant,susceptible,large,656
2008,1082.32,TUVU,16,partial,carrion,open,tolerant,susceptible,large,357
2009,1032.67,TUVU,16,partial,carrion,open,tolerant,susceptible,large,461
2010,1084.85,TUVU,16,partial,carrion,open,tolerant,susceptible,large,650
2011,1055.32,TUVU,16,partial,carrion,open,tolerant,susceptible,large,669
2012,1095.45,TUVU,16,partial,carrion,open,tolerant,susceptible,large,412
2013,1098.2,TUVU,16,partial,carrion,open,tolerant,susceptible,large,598
2014,1101.87,TUVU,16,partial,carrion,open,tolerant,susceptible,large,940
2015,1115.33,TUVU,16,partial,carrion,open,tolerant,susceptible,large,415
2016,1114.33,TUVU,16,partial,carrion,open,tolerant,susceptible,large,610
2017,1020.72,TUVU,16,partial,carrion,open,tolerant,susceptible,large,700
2018,1018.6,TUVU,16,partial,carrion,open,tolerant,susceptible,large,549
